-- ============================================================================
-- ut_2026_06_01_seed.sql  (static portion)
--
-- Seeds the synthetic 2026-06-01 user-testing tenant into the production
-- database. Idempotent: every row uses ON CONFLICT so re-running is safe.
--
-- This file covers ONLY the static tenant shell:
--   - 1 client            (Cliente Piloto User Testing)
--   - 5 users             (Mayela, Anwar, 3 provider owners incl. Mina)
--   - 2 organizations     (client org + internal org)
--   - 3 memberships       (Mayela=client_admin, Anwar=internal_admin+reviewer)
--   - 3 vendors           (Alfa green / Beta yellow / Cobre red)
--   - 3 provider_workspaces
--   - 4 periods           (alta_inicial + 2026-M03 + 2026-M04 + 2026-M05)
--   - 1 audit_log entry
--
-- It does NOT insert submissions, documents, validations, or inspections.
-- Those depend on bcrypt-equivalent compute (SHA-256 of synthetic PDFs)
-- and R2 uploads, and are emitted by ut_2026_06_01_prep.py into
-- ut_2026_06_01_submissions.generated.sql . Run the generated file AFTER
-- this one.
--
-- UUIDs are deterministic (uuid5 of namespace 03b62ad7-…-260601000001) so
-- foreign keys in the generated submissions file resolve correctly.
--
-- ----------------------------------------------------------------------------
-- USAGE
--
--   1. Run prep.py first to generate bcrypt hashes:
--        python scripts/ut_2026_06_01_prep.py --hashes-only
--      That writes ./out/ut_2026_06_01_hashes.env (gitignored).
--
--   2. Source the env file and invoke psql with -v variables:
--        set -a; source ./out/ut_2026_06_01_hashes.env; set +a
--        psql "$DATABASE_URL" \
--          -v mayela_hash="$MAYELA_HASH" \
--          -v anwar_hash="$ANWAR_HASH" \
--          -v alfa_hash="$ALFA_HASH" \
--          -v mina_hash="$MINA_HASH" \
--          -v cobre_hash="$COBRE_HASH" \
--          -f scripts/sql/ut_2026_06_01_seed.sql
--
--   3. Then run the submissions file generated by prep.py:
--        psql "$DATABASE_URL" -f scripts/sql/ut_2026_06_01_submissions.generated.sql
--
--   4. To remove everything later:
--        psql "$DATABASE_URL" -f scripts/sql/ut_2026_06_01_teardown.sql
-- ============================================================================

\set ON_ERROR_STOP on

-- Guard against missing hash variables — psql leaves :'name' empty if -v wasn't passed.
SELECT CASE
  WHEN :'mayela_hash' = '' OR :'anwar_hash' = '' OR :'alfa_hash' = ''
       OR :'mina_hash' = '' OR :'cobre_hash' = ''
  THEN 1/0  -- force error
END;

BEGIN;

-- ----------------------------------------------------------------------------
-- 1. CLIENT
-- ----------------------------------------------------------------------------
INSERT INTO clients (
  id, name, rfc, email, responsible_name, industry, fiscal_address, phone,
  notes, onboarding_completed_at, status, created_at, updated_at
) VALUES (
  '496da43d-8125-532a-8a28-a8ba460c5587',
  'Cliente Piloto User Testing · Local',
  'CUT260601AA1',
  'mayela.user-test@checkwise.local',
  'Mayela',
  'Servicios corporativos',
  'Direccion sintetica de pruebas',
  '+52 55 0000 0000',
  'user_testing_2026_06_01: cliente sintetico para pruebas de usuario.',
  NOW(),
  'active',
  NOW(),
  NOW()
)
ON CONFLICT (id) DO NOTHING;

-- ----------------------------------------------------------------------------
-- 2. USERS  (password_hash arrives via psql -v variables)
-- ON CONFLICT updates password_hash so re-running prep.py rotates passwords.
-- ----------------------------------------------------------------------------
INSERT INTO users (id, email, password_hash, full_name, status, must_change_password, created_at, updated_at)
VALUES
  ('2341d12b-19fa-56b7-9f70-b31c928b1e6c', 'mayela.user-test@checkwise.local',           :'mayela_hash', 'Mayela',           'active', false, NOW(), NOW()),
  ('1a6fb3b5-efb9-5540-9190-bebe07e2280e', 'anwar.user-test@checkwise.local',            :'anwar_hash',  'Anwar',            'active', false, NOW(), NOW()),
  ('b48b8703-edfb-5189-b921-b03e20145262', 'provider.alfa.user-test@checkwise.local',    :'alfa_hash',   'Operaciones Alfa', 'active', false, NOW(), NOW()),
  ('fa77e268-2ef5-5ecd-9abc-92b1d466a105', 'mina.olaez.user-test@checkwise.local',       :'mina_hash',   'Mina Olaez',       'active', false, NOW(), NOW()),
  ('13cb9d77-943a-5b67-8cbc-68973b5754b2', 'provider.cobre.user-test@checkwise.local',   :'cobre_hash',  'Operaciones Cobre','active', false, NOW(), NOW())
ON CONFLICT (id) DO UPDATE SET
  password_hash = EXCLUDED.password_hash,
  updated_at = NOW();

-- ----------------------------------------------------------------------------
-- 3. ORGANIZATIONS
-- ----------------------------------------------------------------------------
INSERT INTO organizations (id, name, kind, client_id, status, created_at, updated_at)
VALUES
  ('20d027b3-599b-52eb-95ab-ae5ced8d93a4',
   'Cliente Piloto User Testing — Local',
   'client',
   '496da43d-8125-532a-8a28-a8ba460c5587',
   'active', NOW(), NOW()),
  ('f8e38428-0259-5651-b69f-5be5493f8ff2',
   'LegalShelf User Testing — Local',
   'internal',
   NULL,
   'active', NOW(), NOW())
ON CONFLICT (id) DO NOTHING;

-- ----------------------------------------------------------------------------
-- 4. MEMBERSHIPS
-- ----------------------------------------------------------------------------
INSERT INTO memberships (id, user_id, organization_id, role, status, created_at, updated_at)
VALUES
  ('c97914a8-8e10-540d-90f5-a6e94a1c4e08',
   '2341d12b-19fa-56b7-9f70-b31c928b1e6c',
   '20d027b3-599b-52eb-95ab-ae5ced8d93a4',
   'client_admin', 'active', NOW(), NOW()),
  ('c455fe9d-7013-5e5b-9828-ebb9ccf3451a',
   '1a6fb3b5-efb9-5540-9190-bebe07e2280e',
   'f8e38428-0259-5651-b69f-5be5493f8ff2',
   'internal_admin', 'active', NOW(), NOW()),
  ('924bbf96-0520-5a92-a8ad-1c2e5335be35',
   '1a6fb3b5-efb9-5540-9190-bebe07e2280e',
   'f8e38428-0259-5651-b69f-5be5493f8ff2',
   'reviewer', 'active', NOW(), NOW())
ON CONFLICT (id) DO NOTHING;

-- ----------------------------------------------------------------------------
-- 5. VENDORS (one per provider scenario)
-- ----------------------------------------------------------------------------
INSERT INTO vendors (
  id, client_id, name, rfc, contact_name, contact_email, contact_phone,
  repse_id, persona_type, status, created_at, updated_at
) VALUES
  ('a7b16b60-3afc-5d0e-8c7f-6791d4324269',
   '496da43d-8125-532a-8a28-a8ba460c5587',
   'Servicios Alfa Sintéticos · Local',  'SAS260601AA1',
   'Operaciones Alfa', 'provider.alfa.user-test@checkwise.local',  '+52 55 0000 0000',
   'REPSE-SYN-PROVIDER-A', 'moral', 'active', NOW(), NOW()),
  ('75c7e481-7b6e-5a38-8637-c7d25b6ec47d',
   '496da43d-8125-532a-8a28-a8ba460c5587',
   'Servicios Beta Sintéticos · Local',  'SBS260601BB2',
   'Mina Olaez',       'mina.olaez.user-test@checkwise.local',     '+52 55 0000 0000',
   'REPSE-SYN-PROVIDER-B', 'moral', 'active', NOW(), NOW()),
  ('45f593b3-6711-5240-a82c-4dcc614b79ad',
   '496da43d-8125-532a-8a28-a8ba460c5587',
   'Servicios Cobre Sintéticos · Local', 'SCS260601CC3',
   'Operaciones Cobre','provider.cobre.user-test@checkwise.local', '+52 55 0000 0000',
   'REPSE-SYN-PROVIDER-C', 'moral', 'active', NOW(), NOW())
ON CONFLICT (id) DO NOTHING;

-- ----------------------------------------------------------------------------
-- 6. PROVIDER WORKSPACES
-- IDs are the human-readable 'ut-…' strings (VARCHAR(36) accepts them).
-- ----------------------------------------------------------------------------
INSERT INTO provider_workspaces (
  id, client_id, vendor_id, owner_user_id, filial_name, persona_type, display_name,
  access_token, onboarding_completed_at, profile_confirmed_at, legal_consent_accepted_at,
  legal_consent_version, status, created_at, updated_at
) VALUES
  ('ut-20260601-provider-a',
   '496da43d-8125-532a-8a28-a8ba460c5587',
   'a7b16b60-3afc-5d0e-8c7f-6791d4324269',
   'b48b8703-edfb-5189-b921-b03e20145262',
   'Filial sintetica local', 'moral',
   'Servicios Alfa Sintéticos · Local',
   'ut-local-token-provider-a',
   NOW() - INTERVAL '20 days', NOW() - INTERVAL '20 days', NOW() - INTERVAL '20 days',
   'v1', 'active', NOW(), NOW()),
  ('ut-20260601-provider-b',
   '496da43d-8125-532a-8a28-a8ba460c5587',
   '75c7e481-7b6e-5a38-8637-c7d25b6ec47d',
   'fa77e268-2ef5-5ecd-9abc-92b1d466a105',
   'Filial sintetica local', 'moral',
   'Servicios Beta Sintéticos · Local',
   'ut-local-token-provider-b',
   NOW() - INTERVAL '20 days', NOW() - INTERVAL '20 days', NOW() - INTERVAL '20 days',
   'v1', 'active', NOW(), NOW()),
  ('ut-20260601-provider-c',
   '496da43d-8125-532a-8a28-a8ba460c5587',
   '45f593b3-6711-5240-a82c-4dcc614b79ad',
   '13cb9d77-943a-5b67-8cbc-68973b5754b2',
   'Filial sintetica local', 'moral',
   'Servicios Cobre Sintéticos · Local',
   'ut-local-token-provider-c',
   NULL,                       NOW() - INTERVAL '20 days', NOW() - INTERVAL '20 days',
   'v1', 'active', NOW(), NOW())
ON CONFLICT (id) DO NOTHING;

-- ----------------------------------------------------------------------------
-- 7. PERIODS  (tagged synthetic — distinct from real catalog periods)
-- The submissions generated file will reference these by id.
-- ----------------------------------------------------------------------------
INSERT INTO periods (id, code, period_key, year, month, period_type, created_at, updated_at)
VALUES
  ('c39e421e-e584-5e4c-823c-e8f53481c51b',
   'user_testing_2026_06_01-alta-inicial', NULL,       NULL, NULL, 'alta_inicial', NOW(), NOW()),
  ('78193a0e-5129-581a-b610-8052d2a2ec4a',
   'user_testing_2026_06_01-2026-M03',     '2026-M03', 2026, 3,    'mensual',       NOW(), NOW()),
  ('0437c3ed-1e51-57e8-9400-3b4b3a355ffc',
   'user_testing_2026_06_01-2026-M04',     '2026-M04', 2026, 4,    'mensual',       NOW(), NOW()),
  ('862f4d05-4f94-59e0-a884-fff129cb099e',
   'user_testing_2026_06_01-2026-M05',     '2026-M05', 2026, 5,    'mensual',       NOW(), NOW())
ON CONFLICT (id) DO NOTHING;

-- prep.py may emit additional period rows (for the Provider A green
-- recurring catalog covering the rest of 2026) into the submissions file.

-- ----------------------------------------------------------------------------
-- 8. AUDIT LOG  — single row marking the seed event
-- ----------------------------------------------------------------------------
INSERT INTO audit_log (
  id, actor_id, actor_type, action, entity_type, entity_id, metadata, created_at
) VALUES (
  '479983f2-ee80-5548-a229-f72f274715ea',
  '1a6fb3b5-efb9-5540-9190-bebe07e2280e',  -- Anwar
  'system',
  'user_testing.scenario_seeded',
  'client',
  '496da43d-8125-532a-8a28-a8ba460c5587',
  jsonb_build_object(
    'scenario', 'user_testing_2026_06_01',
    'online_seed', true,
    'synthetic_documents', true,
    'providers', jsonb_build_array(
      'Servicios Alfa Sintéticos · Local',
      'Servicios Beta Sintéticos · Local',
      'Servicios Cobre Sintéticos · Local'
    )
  ),
  NOW()
)
ON CONFLICT (id) DO NOTHING;

COMMIT;

-- ============================================================================
-- VERIFICATION
-- ============================================================================
\echo '--- seeded rows ---'
SELECT 'client'         AS table, COUNT(*) AS rows FROM clients            WHERE id = '496da43d-8125-532a-8a28-a8ba460c5587'
UNION ALL SELECT 'users',         COUNT(*) FROM users              WHERE email LIKE '%@checkwise.local'
UNION ALL SELECT 'organizations', COUNT(*) FROM organizations      WHERE name LIKE '%User Testing%'
UNION ALL SELECT 'memberships',   COUNT(*) FROM memberships        WHERE id IN
  ('c97914a8-8e10-540d-90f5-a6e94a1c4e08','c455fe9d-7013-5e5b-9828-ebb9ccf3451a','924bbf96-0520-5a92-a8ad-1c2e5335be35')
UNION ALL SELECT 'vendors',       COUNT(*) FROM vendors            WHERE rfc IN ('SAS260601AA1','SBS260601BB2','SCS260601CC3')
UNION ALL SELECT 'workspaces',    COUNT(*) FROM provider_workspaces WHERE id LIKE 'ut-20260601-%'
UNION ALL SELECT 'periods',       COUNT(*) FROM periods            WHERE code LIKE 'user_testing_2026_06_01-%'
UNION ALL SELECT 'audit_log',     COUNT(*) FROM audit_log          WHERE action = 'user_testing.scenario_seeded';

\echo 'static seed complete. next: psql -f scripts/sql/ut_2026_06_01_submissions.generated.sql'
